capteur_1_t1,capteur_2_t1,capteur_3_t1,capteur_4_t1,capteur_5_t1,capteur_6_t1,classe
490,256,335,0,0,446,Standard
490,255,334,0,0,446,Standard
491,255,334,0,0,446,Standard
489,256,335,0,0,445,Standard
490,256,334,0,0,444,Standard
485,252,336,0,0,446,Standard
489,256,335,0,0,446,Standard
491,255,334,0,0,447,Standard
491,256,335,0,0,447,Standard
491,256,334,0,0,446,Standard
490,254,334,0,0,447,Standard
491,256,333,0,0,447,Standard
491,255,334,0,0,445,Standard
490,255,334,0,0,446,Standard
490,256,334,0,0,447,Standard
491,255,332,0,0,444,Standard
490,255,334,0,0,445,Standard
489,255,334,0,0,445,Standard
490,255,333,0,0,446,Standard
490,256,333,0,0,446,Standard
489,256,334,0,0,445,Standard
488,254,334,0,0,446,Standard
490,255,334,0,0,446,Standard
490,255,333,0,0,446,Standard
490,256,334,0,0,446,Standard
490,254,330,0,0,445,Standard
489,255,334,0,0,446,Standard
490,255,334,0,0,445,Standard
490,254,334,0,0,446,Standard
490,254,335,0,0,446,Standard
490,254,333,0,0,445,Standard
490,256,334,0,0,446,Standard
491,256,334,0,0,445,Standard
491,255,334,0,0,445,Standard
490,255,334,0,0,445,Standard
491,255,333,0,0,441,Standard
485,253,335,0,0,445,Standard
490,255,333,0,0,446,Standard
490,256,334,0,0,446,Standard
491,256,333,0,0,446,Standard
490,256,334,0,0,445,Standard
491,255,334,0,0,444,Standard
490,255,333,0,0,446,Standard
491,256,334,0,0,446,Standard
490,255,334,0,0,445,Standard
491,256,333,0,0,441,Standard
487,255,334,0,0,446,Standard
491,255,334,0,0,446,Standard
491,255,335,0,0,446,Standard
490,255,334,0,0,445,Standard
491,255,335,0,0,445,Standard
491,255,334,0,0,445,Standard
491,256,334,0,0,445,Standard
491,256,335,0,0,445,Standard
491,256,335,0,0,445,Standard
491,256,335,0,0,445,Standard
491,254,331,0,0,446,Standard
490,256,334,0,0,446,Standard
491,256,334,0,0,441,Standard
491,255,334,0,0,445,Standard
491,255,333,0,0,445,Standard
490,256,333,0,0,445,Standard
490,256,333,0,0,445,Standard
491,256,334,0,0,432,Standard
496,253,330,0,0,443,Standard
489,256,317,0,0,453,Standard
491,245,303,0,0,459,Standard
496,257,261,0,0,467,Standard
502,257,268,0,0,444,Standard
523,259,261,0,0,439,Standard
499,218,291,0,0,465,Standard
493,218,289,0,0,477,Standard
481,229,305,0,0,464,Standard
476,227,282,0,0,400,Standard
523,255,246,0,0,327,Standard
537,265,258,0,0,384,Standard
509,243,295,0,0,399,Standard
500,239,305,0,0,421,Standard
511,224,262,0,0,438,Standard
539,154,304,0,0,432,Standard
540,112,325,0,0,449,Standard
537,94,327,0,0,453,Standard
535,107,316,0,0,471,Standard
552,91,304,0,0,479,Standard
554,84,299,0,0,462,Standard
563,128,243,0,0,449,Standard
581,97,233,0,0,448,Standard
551,139,250,0,0,449,Standard
567,83,277,0,0,450,Standard
573,80,285,0,0,455,Standard
566,70,293,0,0,450,Standard
563,62,320,0,0,387,Standard
590,129,273,0,0,287,Standard
588,249,251,0,0,285,Standard
564,239,272,0,0,349,Standard
539,155,304,0,0,426,Standard
531,3,335,0,0,430,Standard
545,0,352,0,0,404,Standard
539,0,373,0,0,405,Standard
530,0,402,0,0,408,Standard
511,0,447,0,0,389,Standard
506,21,396,0,0,359,Standard
540,86,313,0,0,322,Standard
575,122,235,15,0,276,Standard
592,179,200,23,0,147,Standard
634,223,208,21,0,182,Standard
592,68,249,2,0,349,Standard
541,0,353,16,0,369,Standard
528,0,381,16,0,368,Standard
532,0,386,10,0,352,Standard
531,0,388,0,0,351,Standard
542,0,400,0,0,351,Standard
567,40,305,0,0,304,Standard
621,114,203,0,0,213,Standard
649,128,198,0,0,239,Standard
641,127,201,0,0,283,Standard
601,84,226,0,0,370,Standard
551,0,318,0,0,406,Standard
523,0,384,0,0,432,Standard
496,0,425,1,0,438,Standard
479,0,448,3,0,439,Standard
475,0,463,0,0,445,Standard
465,0,464,0,0,453,Standard
465,0,496,0,0,454,Standard
475,0,486,0,0,438,Standard
490,0,447,0,0,433,Standard
523,0,368,0,0,410,Standard
553,0,328,0,0,418,Standard
547,0,331,0,0,438,Standard
557,0,302,0,0,416,Standard
571,7,245,0,0,381,Standard
576,53,234,0,0,323,Standard
583,84,228,0,0,368,Standard
576,0,301,0,0,432,Standard
531,0,389,0,0,454,Standard
509,0,448,0,0,459,Standard
497,0,461,0,0,460,Standard
503,0,448,0,0,431,Standard
499,0,452,0,0,432,Standard
490,0,477,0,0,450,Standard
496,0,505,0,0,465,Standard
483,0,522,0,0,479,Standard
490,0,481,0,0,448,Standard
497,0,464,0,0,427,Standard
511,0,451,0,0,415,Standard
509,0,442,0,0,415,Standard
511,0,448,0,0,402,Standard
511,0,452,0,0,405,Standard
509,0,452,0,0,412,Standard
510,0,456,0,0,421,Standard
506,0,452,0,0,418,Standard
503,0,464,0,0,417,Standard
500,0,475,0,0,426,Standard
497,0,477,0,0,422,Standard
496,0,483,0,0,432,Standard
494,0,496,0,0,435,Standard
496,0,499,0,0,433,Standard
487,0,511,0,0,432,Standard
477,0,511,0,0,432,Standard
478,0,525,0,0,434,Standard
475,0,526,0,0,434,Standard
479,0,542,0,0,455,Standard
475,0,565,0,0,471,Standard
459,0,576,0,0,511,Standard
448,0,585,0,0,542,Standard
432,0,583,0,0,539,Standard
435,0,593,0,0,463,Standard
453,0,581,0,0,427,Standard
478,0,545,0,0,412,Standard
482,0,557,0,0,427,Standard
480,0,543,0,0,447,Standard
487,0,492,0,0,461,Standard
483,0,544,0,0,464,Standard
471,0,567,0,0,469,Standard
459,0,593,0,0,494,Standard
448,0,607,0,0,496,Standard
443,0,613,0,0,500,Standard
436,0,624,0,0,502,Standard
432,0,624,0,0,510,Standard
430,0,643,0,0,508,Standard
419,0,657,0,0,496,Standard
425,0,669,0,0,490,Standard
430,0,666,0,0,489,Standard
431,0,673,0,0,489,Standard
431,0,675,0,0,496,Standard
426,0,674,0,0,507,Standard
417,0,685,0,0,516,Standard
412,0,688,0,0,532,Standard
408,0,692,0,0,539,Standard
406,0,700,0,0,553,Standard
402,0,704,0,0,551,Standard
401,0,700,0,0,560,Standard
401,0,704,0,0,560,Standard
406,0,698,0,0,561,Standard
416,0,688,0,0,556,Standard
427,0,665,0,0,563,Standard
426,0,656,0,0,581,Standard
426,0,630,0,0,587,Standard
432,0,601,0,0,585,Standard
434,0,596,0,0,599,Standard
440,0,592,0,0,602,Standard
438,0,579,0,0,619,Standard
434,0,592,0,0,619,Standard
429,0,597,0,0,609,Standard
432,0,607,0,0,592,Standard
432,0,599,0,0,595,Standard
432,0,592,0,0,594,Standard
432,0,581,0,0,597,Standard
433,0,587,0,0,592,Standard
429,0,582,0,0,605,Standard
433,0,580,0,0,606,Standard
431,0,578,0,0,606,Standard
429,0,587,0,0,610,Standard
426,0,588,0,0,592,Standard
431,0,586,0,0,561,Standard
447,0,573,0,0,505,Standard
461,0,560,0,0,483,Standard
467,0,547,0,0,467,Standard
475,0,531,0,0,443,Standard
475,0,511,0,0,431,Standard
482,0,485,0,0,417,Standard
483,0,481,0,0,409,Standard
487,16,466,0,0,400,Standard
493,4,464,0,0,386,Standard
494,6,463,0,0,396,Standard
497,0,467,0,0,385,Standard
501,0,482,0,0,382,Standard
504,0,499,0,0,382,Standard
502,0,503,0,0,381,Standard
507,0,511,0,0,373,Standard
509,0,528,0,0,375,Standard
503,0,544,0,0,388,Standard
502,0,564,0,0,386,Standard
494,0,574,0,0,393,Standard
490,0,570,0,0,395,Standard
493,0,558,0,0,400,Standard
487,0,560,0,0,423,Standard
478,0,526,0,0,468,Standard
470,0,533,0,0,511,Standard
460,0,551,0,0,546,Standard
442,0,571,0,0,554,Standard
437,0,579,0,0,559,Standard
437,0,586,0,0,554,Standard
438,0,575,0,0,523,Standard
440,0,566,0,0,508,Standard
450,0,543,0,0,509,Standard
457,0,556,0,0,511,Standard
443,0,573,0,0,535,Standard
450,0,564,0,0,528,Standard
439,0,541,0,0,503,Standard
446,0,511,0,0,523,Standard
454,0,496,0,0,510,Standard
454,0,466,0,0,508,Standard
473,0,435,0,0,509,Standard
491,0,411,0,0,509,Standard
493,0,415,0,0,511,Standard
491,0,432,0,0,499,Standard
482,0,415,0,0,473,Standard
496,8,363,0,0,446,Standard
511,18,331,0,0,423,Standard
524,80,310,0,0,413,Standard
533,103,290,0,0,403,Standard
538,112,271,0,0,390,Standard
548,123,269,0,0,384,Standard
538,142,274,0,0,379,Standard
535,136,288,0,0,372,Standard
530,141,302,0,0,368,Standard
535,146,304,0,0,356,Standard
532,157,313,0,0,350,Standard
541,144,316,0,0,351,Standard
539,117,331,0,0,355,Standard
538,108,356,0,0,356,Standard
531,23,389,0,0,394,Standard
543,0,416,0,0,396,Standard
523,0,442,0,0,412,Standard
509,0,464,0,0,423,Standard
496,0,464,0,0,426,Standard
492,0,463,0,0,432,Standard
497,0,410,0,0,446,Standard
498,22,400,0,0,462,Standard
498,20,384,0,0,471,Standard
498,3,372,0,0,492,Standard
497,36,365,0,0,503,Standard
496,4,368,0,0,534,Standard
498,0,370,0,0,511,Standard
493,16,363,0,0,496,Standard
496,13,363,0,0,451,Standard
511,3,344,0,0,418,Standard
526,78,321,0,0,401,Standard
545,75,307,0,0,399,Standard
544,124,294,0,0,400,Standard
545,147,289,0,0,397,Standard
533,160,273,0,0,388,Standard
541,162,272,0,0,367,Standard
543,179,273,0,0,363,Standard
543,183,287,0,0,355,Standard
541,183,294,0,0,344,Standard
548,190,304,0,0,334,Standard
544,174,320,0,0,330,Standard
541,151,338,0,0,329,Standard
537,149,360,0,0,332,Standard
535,144,369,0,0,336,Standard
528,134,374,0,0,331,Standard
530,0,421,7,0,363,Standard
534,0,406,5,0,340,Standard
509,38,417,0,0,365,Standard
511,47,414,0,0,377,Standard
509,60,417,0,0,404,Standard
501,72,403,0,0,427,Standard
511,47,391,0,0,437,Standard
521,25,387,0,0,441,Standard
511,21,385,0,0,453,Standard
511,39,370,0,0,464,Standard
511,54,370,0,0,467,Standard
511,51,373,0,0,478,Standard
507,62,366,0,0,479,Standard
511,49,351,0,0,439,Standard
528,93,322,0,0,404,Standard
528,128,318,0,0,403,Standard
533,144,306,0,0,400,Standard
529,155,299,0,0,406,Standard
527,149,305,0,0,415,Standard
511,144,324,0,0,411,Standard
508,131,345,0,0,401,Standard
508,119,374,0,0,404,Standard
501,80,403,0,0,384,Standard
503,80,438,0,0,375,Standard
505,48,465,0,0,362,Standard
511,0,502,0,0,365,Standard
528,0,541,0,0,355,Standard
506,0,511,0,0,344,Standard
511,33,467,0,0,338,Standard
529,0,448,0,0,350,Standard
558,0,437,0,0,337,Standard
531,30,449,7,0,336,Standard
526,33,450,1,0,346,Standard
527,51,461,0,0,347,Standard
527,38,471,6,0,355,Standard
525,0,484,2,0,355,Standard
511,16,494,0,0,357,Standard
503,27,499,0,0,368,Standard
503,16,503,0,0,399,Standard
499,21,496,0,0,416,Standard
490,14,496,0,0,437,Standard
496,0,499,0,0,458,Standard
496,0,496,0,0,463,Standard
483,0,490,0,0,464,Standard
493,0,478,0,0,464,Standard
494,15,448,0,0,467,Standard
501,13,420,0,0,432,Standard
497,57,403,0,0,433,Standard
502,44,413,0,0,415,Standard
497,77,431,0,0,427,Standard
493,70,448,0,0,440,Standard
492,6,479,0,0,461,Standard
478,0,499,0,0,478,Standard
479,0,529,0,0,464,Standard
464,0,543,0,0,451,Standard
473,0,560,0,0,447,Standard
478,0,576,0,0,448,Standard
482,0,585,0,0,441,Standard
477,0,591,0,0,436,Standard
471,0,606,3,0,435,Standard
464,0,640,0,0,432,Standard
450,0,656,14,0,432,Standard
445,0,659,26,0,446,Standard
460,0,620,1,0,447,Standard
466,0,592,9,0,452,Standard
470,0,580,0,0,443,Standard
470,0,582,0,0,441,Standard
464,0,605,0,0,435,Standard
460,0,637,0,0,427,Standard
450,0,650,0,0,431,Standard
453,0,638,16,0,415,Standard
450,0,603,0,0,419,Standard
464,0,576,0,0,430,Standard
479,0,566,7,0,429,Standard
478,0,547,26,0,432,Standard
479,0,535,35,0,433,Standard
479,0,535,16,0,438,Standard
484,0,534,1,0,443,Standard
497,0,498,0,0,442,Standard
496,0,488,0,0,438,Standard
502,0,469,0,0,434,Standard
504,31,432,0,0,422,Standard
498,38,451,0,0,411,Standard
506,16,470,0,0,400,Standard
496,0,511,0,0,395,Standard
496,0,526,0,0,387,Standard
494,0,528,0,0,377,Standard
493,0,530,0,0,380,Standard
489,0,533,0,0,378,Standard
484,0,543,0,0,382,Standard
485,0,577,0,0,430,Standard
464,0,597,0,0,454,Standard
449,0,604,0,0,474,Standard
439,0,608,0,0,490,Standard
442,0,600,0,0,491,Standard
442,0,576,0,0,493,Standard
447,0,563,0,0,486,Standard
450,0,560,0,0,478,Standard
458,0,549,0,0,496,Standard
454,0,543,0,0,529,Standard
450,0,526,0,0,551,Standard
445,0,529,0,0,556,Standard
449,0,495,0,0,561,Standard
450,0,466,0,0,566,Standard
450,0,449,0,0,567,Standard
452,0,420,0,0,578,Standard
466,0,407,0,0,577,Standard
467,0,387,0,0,591,Standard
471,0,385,0,0,605,Standard
477,0,395,0,0,595,Standard
464,0,400,0,0,610,Standard
468,0,432,0,0,612,Standard
460,0,460,0,0,593,Standard
459,0,482,0,0,583,Standard
455,0,499,0,0,580,Standard
451,0,511,0,0,560,Standard
453,0,529,0,0,539,Standard
456,0,550,0,0,525,Standard
453,0,557,0,0,511,Standard
454,0,547,0,0,504,Standard
448,0,530,0,0,495,Standard
446,0,528,0,0,495,Standard
450,0,532,0,0,492,Standard
459,0,559,0,0,483,Standard
459,0,566,0,0,478,Standard
459,0,560,0,0,464,Standard
455,0,544,0,0,438,Standard
454,0,526,0,0,425,Standard
459,5,496,0,0,412,Standard
466,51,465,0,0,394,Standard
476,75,419,0,0,386,Standard
483,97,413,0,0,394,Standard
486,103,400,0,0,399,Standard
483,94,417,0,0,415,Standard
478,80,423,0,0,414,Standard
485,92,403,0,0,406,Standard
485,103,385,0,0,409,Standard
487,104,375,0,0,404,Standard
492,105,363,0,0,398,Standard
498,125,343,0,0,391,Standard
503,141,307,0,0,379,Standard
528,154,298,0,0,366,Standard
523,170,320,0,0,360,Standard
501,153,338,0,0,368,Standard
509,147,355,0,0,377,Standard
498,115,373,0,0,388,Standard
503,33,421,0,0,429,Standard
505,0,463,0,0,429,Standard
479,0,511,13,0,447,Standard
470,0,544,9,0,446,Standard
465,0,562,4,0,440,Standard
459,0,569,0,0,467,Standard
461,0,577,0,0,471,Standard
455,0,580,0,0,484,Standard
450,0,570,0,0,488,Standard
444,0,570,0,0,496,Standard
448,0,552,0,0,503,Standard
442,0,550,0,0,528,Standard
452,0,498,0,0,537,Standard
455,0,464,0,0,532,Standard
461,0,425,0,0,538,Standard
464,30,417,0,0,537,Standard
464,35,404,0,0,530,Standard
471,8,394,0,0,554,Standard
478,14,383,0,0,558,Standard
481,23,368,0,0,553,Standard
478,19,381,0,0,554,Standard
477,57,368,0,0,560,Standard
464,45,369,0,0,585,Standard
479,9,371,0,0,593,Standard
483,0,382,0,0,590,Standard
488,0,375,0,0,599,Standard
484,0,375,0,0,592,Standard
469,0,388,0,0,594,Standard
464,0,405,0,0,599,Standard
452,0,417,0,0,596,Standard
460,0,432,0,0,592,Standard
464,0,434,0,0,559,Standard
464,0,434,0,0,538,Standard
467,0,435,0,0,502,Standard
474,0,459,0,0,498,Standard
479,0,472,0,0,496,Standard
475,0,489,0,0,505,Standard
474,0,486,0,0,502,Standard
467,0,493,0,0,503,Standard
464,0,505,0,0,501,Standard
464,0,533,0,0,506,Standard
464,0,543,6,0,501,Standard
463,0,554,0,0,511,Standard
464,0,558,0,0,479,Standard
464,0,562,0,0,422,Standard
482,0,523,0,0,371,Standard
485,82,466,0,0,345,Standard
496,109,443,0,0,336,Standard
498,119,433,0,0,338,Standard
508,129,432,0,0,336,Standard
505,138,400,0,0,336,Standard
503,135,400,0,0,349,Standard
501,130,395,0,0,351,Standard
502,129,395,0,0,356,Standard
503,144,389,0,0,357,Standard
511,155,371,0,0,353,Standard
527,161,349,0,0,341,Standard
528,177,334,0,0,320,Standard
532,190,323,0,0,322,Standard
528,176,358,0,0,326,Standard
524,141,382,0,0,327,Standard
511,136,384,0,0,333,Standard
515,147,356,0,0,336,Standard
511,160,359,0,0,336,Standard
504,153,371,0,0,349,Standard
504,130,388,0,0,357,Standard
499,48,431,0,0,384,Standard
527,0,446,0,0,382,Standard
497,16,436,0,0,389,Standard
491,37,444,0,0,393,Standard
491,46,439,0,0,399,Standard
489,48,437,0,0,426,Standard
490,17,438,0,0,459,Standard
479,0,443,0,0,480,Standard
480,0,434,0,0,496,Standard
478,0,435,0,0,497,Standard
474,0,439,0,0,495,Standard
471,8,446,0,0,510,Standard
470,0,449,0,0,511,Standard
466,0,454,0,0,524,Standard
469,0,457,0,0,528,Standard
466,17,451,0,0,535,Standard
470,4,449,0,0,558,Standard
471,0,445,0,0,575,Standard
465,0,447,0,0,577,Standard
464,0,439,0,0,578,Standard
459,0,436,0,0,581,Standard
462,0,437,0,0,579,Standard
469,0,432,0,0,576,Standard
464,2,421,0,0,560,Standard
464,0,426,0,0,544,Standard
477,16,435,0,0,525,Standard
482,0,446,0,0,488,Standard
483,0,452,0,0,469,Standard
483,0,461,0,0,466,Standard
480,11,451,0,0,458,Standard
477,15,460,0,0,450,Standard
491,16,468,0,0,455,Standard
489,16,467,0,0,433,Standard
491,16,464,0,0,416,Standard
481,48,469,0,0,400,Standard
500,13,461,0,0,385,Standard
502,46,442,0,0,368,Standard
496,96,428,0,0,359,Standard
498,126,421,0,0,351,Standard
501,140,414,0,0,335,Standard
509,156,403,0,0,321,Standard
507,176,407,0,0,327,Standard
506,178,415,0,0,321,Standard
510,185,400,0,0,321,Standard
511,190,387,0,0,316,Standard
526,193,386,0,0,311,Standard
531,191,368,0,0,309,Standard
526,177,403,2,0,316,Standard
523,154,426,5,0,317,Standard
507,128,443,20,0,318,Standard
496,128,467,34,0,329,Standard
478,106,511,16,0,350,Standard
466,67,537,16,0,367,Standard
474,0,563,9,0,393,Standard
478,0,573,16,0,384,Standard
463,0,571,19,0,383,Standard
459,34,549,9,0,391,Standard
469,40,494,0,0,395,Standard
484,56,477,0,0,394,Standard
474,59,493,0,0,402,Standard
465,64,493,0,0,423,Standard
464,34,479,0,0,442,Standard
471,0,496,0,0,464,Standard
471,0,494,0,0,485,Standard
466,0,487,0,0,507,Standard
465,0,465,0,0,531,Standard
464,11,450,0,0,549,Standard
467,0,446,0,0,563,Standard
464,0,435,0,0,563,Standard
453,7,434,0,0,561,Standard
449,16,432,0,0,575,Standard
450,20,426,0,0,569,Standard
449,16,432,0,0,574,Standard
451,16,406,0,0,570,Standard
443,27,418,0,0,580,Standard
448,5,406,0,0,592,Standard
448,0,421,0,0,597,Standard
438,0,438,0,0,592,Standard
434,0,461,0,0,592,Standard
438,0,474,0,0,598,Standard
435,0,478,0,0,607,Standard
432,0,481,0,0,596,Standard
433,0,482,0,0,602,Standard
433,0,476,0,0,590,Standard
449,0,447,0,0,576,Standard
456,0,419,0,0,537,Standard
464,33,389,0,0,507,Standard
472,48,381,0,0,528,Standard
473,54,382,0,0,537,Standard
472,48,387,0,0,553,Standard
481,35,399,0,0,550,Standard
483,16,400,0,0,539,Standard
485,31,399,0,0,534,Standard
485,38,378,0,0,528,Standard
491,36,359,0,0,508,Standard
495,63,354,0,0,476,Standard
489,73,371,0,0,454,Standard
490,68,393,0,0,477,Standard
496,0,420,0,0,511,Standard
485,0,447,0,0,528,Standard
479,0,458,0,0,551,Standard
459,8,453,0,0,542,Standard
449,18,447,0,0,531,Standard
458,0,454,0,0,550,Standard
459,0,432,0,0,555,Standard
467,0,421,0,0,567,Standard
467,13,413,0,0,577,Standard
471,2,415,0,0,567,Standard
482,13,394,0,0,542,Standard
482,37,384,0,0,468,Standard
496,84,337,0,0,429,Standard
504,133,304,0,0,403,Standard
511,160,294,0,0,386,Standard
511,165,302,0,0,385,Standard
511,171,312,0,0,379,Standard
510,166,324,0,0,368,Standard
507,175,333,0,0,352,Standard
510,182,334,0,0,343,Standard
511,176,345,0,0,345,Standard
527,173,357,0,0,335,Standard
523,174,356,0,0,335,Standard
511,164,366,0,0,334,Standard
511,144,369,2,0,336,Standard
511,48,400,24,0,368,Standard
529,0,438,26,0,368,Standard
511,0,432,0,0,407,Standard
489,0,446,0,0,460,Standard
475,0,452,16,0,478,Standard
463,0,482,0,0,496,Standard
465,0,470,0,0,490,Standard
467,0,465,0,0,478,Standard
466,20,439,0,0,479,Standard
477,27,432,0,0,492,Standard
469,47,416,0,0,494,Standard
465,39,416,0,0,499,Standard
464,43,412,0,0,522,Standard
477,33,403,0,0,532,Standard
481,50,393,0,0,505,Standard
478,55,381,0,0,503,Standard
484,54,368,0,0,479,Standard
494,71,368,0,0,473,Standard
497,72,366,0,0,456,Standard
496,100,352,0,0,458,Standard
487,128,353,0,0,459,Standard
486,149,357,0,0,451,Standard
490,155,347,0,0,442,Standard
494,143,349,0,0,433,Standard
502,133,344,0,0,421,Standard
503,163,329,0,0,418,Standard
508,176,315,0,0,420,Standard
510,199,294,0,0,414,Standard
503,202,283,0,0,402,Standard
502,213,288,0,0,401,Standard
503,223,289,0,0,406,Standard
506,220,294,0,0,404,Standard
509,226,290,0,0,400,Standard
511,229,291,0,0,400,Standard
509,229,286,0,0,391,Standard
506,225,275,0,0,383,Standard
506,234,277,0,0,382,Standard
511,239,282,0,0,383,Standard
511,243,273,0,0,382,Standard
511,246,274,0,0,378,Standard
510,241,278,0,0,379,Standard
511,226,295,0,0,376,Standard
511,222,302,0,0,378,Standard
511,218,303,0,0,373,Standard
507,214,304,0,0,375,Standard
511,212,304,0,0,376,Standard
509,213,307,0,0,371,Standard
511,212,311,0,0,366,Standard
511,227,305,0,0,363,Standard
511,226,320,0,0,346,Standard
511,234,318,0,0,334,Standard
511,237,331,0,0,325,Standard
511,240,321,2,0,322,Standard
511,227,336,0,0,330,Standard
527,195,342,7,0,330,Standard
528,169,358,15,0,339,Standard
523,144,372,21,0,339,Standard
511,132,399,23,0,346,Standard
506,62,423,38,0,368,Standard
510,0,463,39,0,383,Standard
511,0,483,42,0,384,Standard
500,0,479,47,0,400,Standard
503,0,482,39,0,411,Standard
489,0,471,26,0,427,Standard
478,0,469,28,0,427,Standard
479,0,467,15,0,423,Standard
477,7,472,2,0,429,Standard
493,7,464,6,0,414,Standard
490,22,448,0,0,422,Standard
496,48,438,0,0,430,Standard
489,48,441,0,0,432,Standard
489,64,437,0,0,443,Standard
485,64,435,0,0,450,Standard
479,77,437,0,0,459,Standard
483,71,432,0,0,463,Standard
486,48,428,0,0,476,Standard
496,21,418,0,0,463,Standard
496,58,403,0,0,475,Standard
496,59,401,0,0,490,Standard
496,54,403,0,0,488,Standard
496,64,399,0,0,479,Standard
483,85,387,0,0,479,Standard
488,94,386,0,0,480,Standard
485,96,379,0,0,486,Standard
487,83,379,0,0,489,Standard
480,101,375,0,0,494,Standard
489,112,377,0,0,500,Standard
478,112,373,0,0,500,Standard
480,112,371,0,0,496,Standard
477,119,373,0,0,505,Standard
480,114,376,0,0,507,Standard
486,128,379,0,0,509,Standard
483,142,373,0,0,506,Standard
477,154,375,0,0,496,Standard
475,144,377,0,0,496,Standard
479,147,375,0,0,496,Standard
485,140,369,0,0,492,Standard
490,145,364,0,0,474,Standard
494,166,358,0,0,464,Standard
496,164,358,0,0,453,Standard
495,176,354,0,0,437,Standard
496,184,352,0,0,430,Standard
502,191,353,0,0,405,Standard
497,192,359,0,0,400,Standard
497,193,365,0,0,387,Standard
496,196,368,0,0,375,Standard
497,170,383,0,0,374,Standard
503,133,399,0,0,377,Standard
511,98,414,0,0,381,Standard
503,70,425,0,0,385,Standard
499,64,427,0,0,389,Standard
507,19,448,0,0,395,Standard
496,23,461,0,0,394,Standard
498,8,462,5,0,395,Standard
500,5,466,0,0,397,Standard
501,16,477,6,0,391,Standard
496,15,493,0,0,393,Standard
496,12,506,14,0,398,Standard
496,0,530,46,0,400,Standard
493,0,531,48,0,402,Standard
489,0,540,42,0,417,Standard
486,0,537,35,0,417,Standard
479,0,528,34,0,407,Standard
494,0,521,22,0,407,Standard
484,9,503,18,0,396,Standard
495,14,474,13,0,402,Standard
497,8,465,11,0,410,Standard
497,30,452,2,0,400,Standard
491,39,458,9,0,413,Standard
496,40,429,12,0,406,Standard
498,62,416,0,0,400,Standard
503,104,394,0,0,397,Standard
500,122,386,0,0,400,Standard
496,139,383,0,0,405,Standard
494,144,373,0,0,409,Standard
496,144,357,0,0,401,Standard
501,151,346,0,0,409,Standard
507,171,319,0,0,395,Standard
503,179,336,0,0,392,Standard
503,176,335,0,0,387,Standard
506,180,341,0,0,389,Standard
499,171,352,0,0,394,Standard
497,132,385,0,0,408,Standard
511,15,427,0,0,419,Standard
511,0,435,0,0,431,Standard
511,0,448,0,0,459,Standard
496,10,433,0,0,466,Standard
478,53,438,0,0,495,Standard
462,64,431,0,0,511,Standard
463,18,445,0,0,528,Standard
460,16,448,0,0,540,Standard
464,21,445,0,0,530,Standard
461,45,442,0,0,533,Standard
456,74,432,0,0,530,Standard
456,79,421,0,0,528,Standard
461,102,410,0,0,541,Standard
460,102,401,0,0,552,Standard
455,101,403,0,0,570,Standard
453,95,395,0,0,575,Standard
449,96,390,0,0,576,Standard
450,106,397,0,0,584,Standard
448,88,397,0,0,587,Standard
448,90,399,0,0,581,Standard
448,94,399,0,0,582,Standard
444,98,402,0,0,555,Standard
451,96,402,0,0,536,Standard
451,94,406,0,0,559,Standard
451,101,400,0,0,575,Standard
448,99,403,0,0,592,Standard
447,95,411,0,0,592,Standard
440,93,415,0,0,592,Standard
442,96,417,0,0,592,Standard
437,97,408,0,0,578,Standard
449,90,413,0,0,567,Standard
455,81,418,0,0,547,Standard
455,92,419,0,0,551,Standard
455,80,417,0,0,557,Standard
448,94,416,0,0,566,Standard
447,82,418,0,0,579,Standard
446,95,414,0,0,583,Standard
442,97,413,0,0,590,Standard
441,98,410,0,0,586,Standard
444,109,413,0,0,583,Standard
443,103,411,0,0,562,Standard
458,79,425,0,0,546,Standard
473,38,432,0,0,510,Standard
467,43,432,0,0,510,Standard
469,48,439,0,0,531,Standard
464,32,437,0,0,534,Standard
454,34,443,0,0,546,Standard
465,44,446,0,0,490,Standard
466,46,449,0,0,462,Standard
487,28,455,0,0,418,Standard
469,146,426,0,0,387,Standard
475,165,429,0,0,381,Standard
468,167,433,0,0,376,Standard
465,163,442,0,0,375,Standard
467,173,448,0,0,369,Standard
466,174,454,0,0,367,Standard
464,172,451,0,0,367,Standard
464,164,455,1,0,361,Standard
465,162,461,0,0,355,Standard
468,159,464,7,0,347,Standard
467,147,471,17,0,341,Standard
465,144,483,27,0,343,Standard
464,147,481,17,0,341,Standard
471,132,482,17,0,339,Standard
476,139,455,13,0,336,Standard
489,162,433,9,0,323,Standard
497,175,419,0,0,334,Standard
509,152,419,16,0,336,Standard
528,62,435,14,0,354,Standard
545,7,434,28,0,352,Standard
542,13,453,22,0,361,Standard
493,0,524,27,0,351,Standard
462,0,594,0,0,368,Standard
448,0,612,46,0,400,Standard
445,0,639,0,0,403,Standard
450,0,593,0,0,432,Standard
469,0,528,0,0,449,Standard
483,0,507,0,0,464,Standard
478,0,474,0,0,464,Standard
487,0,464,0,0,462,Standard
489,0,462,0,0,464,Standard
482,0,451,0,0,477,Standard
485,0,449,0,0,498,Standard
492,0,453,0,0,511,Standard
485,0,453,0,0,528,Standard
476,0,448,0,0,543,Standard
479,0,441,0,0,555,Standard
483,0,417,0,0,557,Standard
484,0,421,0,0,560,Standard
480,0,429,0,0,562,Standard
480,0,433,0,0,567,Standard
476,0,433,0,0,548,Standard
476,0,435,0,0,523,Standard
474,3,426,0,0,524,Standard
476,12,432,0,0,500,Standard
476,22,432,0,0,507,Standard
479,16,438,0,0,477,Standard
478,67,429,0,0,447,Standard
478,107,414,0,0,422,Standard
477,133,405,0,0,411,Standard
482,142,400,0,0,400,Standard
484,146,401,0,0,390,Standard
483,150,405,0,0,386,Standard
487,153,417,0,0,383,Standard
478,156,424,0,0,379,Standard
481,138,443,0,0,385,Standard
480,108,461,0,0,398,Standard
490,7,488,0,0,401,Standard
495,0,499,0,0,398,Standard
496,0,498,0,0,384,Standard
486,58,493,0,0,366,Standard
482,89,485,0,0,368,Standard
496,20,495,0,0,385,Standard
511,0,528,2,0,388,Standard
487,0,527,0,0,405,Standard
471,67,506,0,0,415,Standard
464,81,508,0,0,420,Standard
464,80,507,0,0,400,Standard
477,81,466,0,0,397,Standard
496,41,457,0,0,401,Standard
511,46,439,0,0,405,Standard
508,77,435,0,0,399,Standard
507,75,437,0,0,414,Standard
525,46,446,0,0,417,Standard
528,54,442,0,0,446,Standard
524,22,438,0,0,463,Standard
511,12,433,0,0,485,Standard
507,19,431,0,0,496,Standard
505,53,408,0,0,503,Standard
502,61,384,0,0,509,Standard
495,75,381,0,0,527,Standard
491,90,368,0,0,529,Standard
496,64,382,0,0,536,Standard
477,84,379,0,0,566,Standard
487,67,375,0,0,567,Standard
494,70,375,0,0,570,Standard
496,47,371,0,0,576,Standard
496,69,366,0,0,570,Standard
502,77,331,0,0,561,Standard
523,99,301,0,0,503,Standard
524,146,279,0,0,464,Standard
511,183,272,0,0,432,Standard
511,206,272,0,0,403,Standard
525,239,271,0,0,391,Standard
523,240,285,0,0,371,Standard
524,242,289,0,0,361,Standard
511,238,310,0,0,343,Standard
511,231,315,0,0,335,Standard
523,235,322,0,0,338,Standard
526,225,336,0,0,347,Standard
511,185,358,0,0,358,Standard
529,38,403,0,0,384,Standard
528,0,433,14,0,394,Standard
511,0,464,8,0,407,Standard
496,0,465,0,0,436,Standard
481,45,454,0,0,460,Standard
478,27,464,0,0,462,Standard
466,69,445,0,0,464,Standard
467,93,432,0,0,467,Standard
469,111,404,0,0,475,Standard
477,122,388,0,0,496,Standard
496,55,384,0,0,527,Standard
496,64,357,0,0,495,Standard
496,102,338,0,0,479,Standard
496,162,323,0,0,483,Standard
496,143,329,0,0,487,Standard
495,152,320,0,0,498,Standard
494,138,326,0,0,511,Standard
492,129,335,0,0,510,Standard
496,130,330,0,0,491,Standard
491,162,323,0,0,462,Standard
499,128,312,0,0,437,Standard
502,223,289,0,0,417,Standard
509,243,274,0,0,406,Standard
510,252,272,0,0,400,Standard
504,256,267,0,0,369,Standard
526,282,269,0,0,341,Standard
528,297,272,0,0,330,Standard
535,294,276,0,0,317,Standard
542,287,283,0,0,311,Standard
540,288,293,0,0,314,Standard
537,266,300,0,0,311,Standard
535,256,314,0,0,308,Standard
529,240,321,0,0,315,Standard
530,215,342,0,0,327,Standard
526,171,368,0,0,349,Standard
533,0,425,16,0,366,Standard
523,0,453,0,0,372,Standard
511,0,467,0,0,396,Standard
496,8,466,0,0,384,Standard
489,86,448,0,0,400,Standard
493,87,433,0,0,407,Standard
493,112,401,0,0,443,Standard
486,102,394,0,0,452,Standard
491,116,375,0,0,466,Standard
502,60,368,0,0,498,Standard
511,81,355,0,0,496,Standard
505,80,338,0,0,510,Standard
507,78,338,0,0,496,Standard
496,112,336,0,0,496,Standard
496,113,336,0,0,499,Standard
494,133,332,0,0,496,Standard
490,142,335,0,0,529,Standard
495,98,336,0,0,543,Standard
506,112,335,0,0,521,Standard
499,122,313,0,0,479,Standard
499,143,292,0,0,448,Standard
507,219,271,0,0,420,Standard
500,246,268,0,0,403,Standard
508,261,271,0,0,400,Standard
504,263,285,0,0,386,Standard
502,266,294,0,0,385,Standard
510,231,320,0,0,363,Standard
504,222,343,0,0,347,Standard
509,217,357,0,0,349,Standard
510,208,370,0,0,345,Standard
511,187,392,0,0,365,Standard
526,64,437,0,0,385,Standard
527,0,464,0,0,392,Standard
528,0,479,0,0,413,Standard
509,0,482,0,0,431,Standard
492,39,467,0,0,440,Standard
479,74,463,0,0,448,Standard
473,96,443,0,0,454,Standard
469,112,432,0,0,465,Standard
474,128,396,0,0,485,Standard
475,137,371,0,0,493,Standard
479,142,361,0,0,499,Standard
481,129,351,0,0,507,Standard
481,98,358,0,0,526,Standard
496,66,355,0,0,511,Standard
496,78,342,0,0,509,Standard
496,82,336,0,0,503,Standard
496,99,336,0,0,511,Standard
490,123,334,0,0,523,Standard
490,162,320,0,0,511,Standard
491,116,324,0,0,530,Standard
501,105,310,0,0,495,Standard
505,142,288,0,0,435,Standard
497,218,270,0,0,415,Standard
497,240,272,0,0,400,Standard
501,246,289,0,0,382,Standard
502,251,303,0,0,379,Standard
506,238,304,0,0,371,Standard
510,228,317,0,0,363,Standard
509,229,334,0,0,354,Standard
511,214,361,0,0,348,Standard
503,197,377,0,0,345,Standard
506,144,412,0,0,368,Standard
523,0,456,0,0,391,Standard
519,0,492,0,0,400,Standard
498,45,473,0,0,405,Standard
496,31,467,0,0,409,Standard
487,102,416,0,0,427,Standard
498,59,431,0,0,447,Standard
496,52,421,0,0,450,Standard
494,84,397,0,0,466,Standard
494,107,382,0,0,501,Standard
477,119,368,0,0,511,Standard
485,94,350,0,0,529,Standard
485,101,354,0,0,533,Standard
499,71,354,0,0,539,Standard
480,104,340,0,0,511,Standard
483,147,336,0,0,491,Standard
487,161,336,0,0,497,Standard
482,156,328,0,0,509,Standard
484,158,318,0,0,511,Standard
492,140,308,0,0,495,Standard
507,144,296,0,0,437,Standard
494,240,276,0,0,415,Standard
494,257,287,0,0,400,Standard
496,260,299,0,0,384,Standard
498,253,304,0,0,363,Standard
501,250,314,0,0,352,Standard
505,239,327,0,0,356,Standard
507,211,352,0,0,365,Standard
511,37,415,0,0,400,Standard
525,0,441,0,0,413,Standard
493,16,464,0,0,436,Standard
480,34,445,0,0,435,Standard
494,51,422,0,0,442,Standard
496,69,394,0,0,442,Standard
494,82,386,0,0,460,Standard
489,112,381,0,0,491,Standard
483,117,371,0,0,489,Standard
471,131,363,0,0,523,Standard
471,143,349,0,0,535,Standard
478,129,351,0,0,546,Standard
487,72,343,0,0,549,Standard
494,83,352,0,0,549,Standard
488,73,355,0,0,545,Standard
482,113,349,0,0,554,Standard
484,98,347,0,0,548,Standard
483,116,338,0,0,547,Standard
487,112,322,0,0,539,Standard
497,114,304,0,0,475,Standard
496,229,263,0,0,422,Standard
496,256,270,0,0,401,Standard
497,272,270,0,0,387,Standard
502,271,272,0,0,384,Standard
497,259,293,0,0,374,Standard
500,258,304,0,0,358,Standard
502,240,331,0,0,353,Standard
503,224,348,0,0,366,Standard
511,65,404,0,0,401,Standard
532,0,431,0,0,400,Standard
495,34,439,0,0,436,Standard
487,52,432,0,0,427,Standard
487,78,414,0,0,410,Standard
495,109,385,0,0,427,Standard
499,99,391,0,0,432,Standard
496,127,367,0,0,464,Standard
477,145,357,0,0,496,Standard
473,176,336,0,0,510,Standard
471,174,334,0,0,511,Standard
479,131,342,0,0,533,Standard
485,96,353,0,0,537,Standard
489,112,351,0,0,531,Standard
490,114,346,0,0,526,Standard
497,95,322,0,0,522,Standard
496,147,305,0,0,494,Standard
493,188,289,0,0,456,Standard
490,240,288,0,0,425,Standard
495,251,297,0,0,400,Standard
496,249,307,0,0,383,Standard
497,256,315,0,0,354,Standard
503,242,325,0,0,350,Standard
507,234,337,0,0,357,Standard
503,189,371,0,0,364,Standard
510,11,449,0,0,399,Standard
516,0,467,0,0,393,Standard
497,4,467,0,0,407,Standard
496,48,433,0,0,400,Standard
496,106,402,0,0,403,Standard
497,130,384,0,0,423,Standard
507,130,387,0,0,453,Standard
507,28,390,0,0,484,Standard
477,132,362,0,0,501,Standard
467,167,350,0,0,509,Standard
464,176,349,0,0,520,Standard
464,144,354,0,0,545,Standard
483,80,363,0,0,543,Standard
487,86,347,0,0,497,Standard
494,130,336,0,0,494,Standard
478,176,323,0,0,491,Standard
485,207,305,0,0,483,Standard
483,202,290,0,0,471,Standard
494,222,280,0,0,448,Poignard
490,249,286,0,0,418,Poignard
495,247,302,0,0,401,Poignard
496,214,317,0,0,390,Poignard
496,235,320,0,0,371,Poignard
497,229,339,0,0,353,Poignard
496,222,346,0,0,352,Poignard
498,208,370,0,0,359,Poignard
496,158,399,0,0,375,Poignard
496,146,404,0,0,384,Poignard
496,150,400,0,0,379,Poignard
496,187,381,0,0,370,Poignard
496,197,374,0,0,371,Poignard
499,158,400,0,0,402,Poignard
531,0,426,0,0,400,Poignard
536,3,422,0,0,397,Poignard
506,161,400,0,0,386,Poignard
490,195,394,0,0,419,Poignard
485,202,385,0,0,432,Poignard
485,208,368,0,0,449,Poignard
496,133,378,0,0,472,Poignard
511,96,384,0,0,476,Poignard
528,80,386,0,0,464,Poignard
528,112,400,0,0,437,Poignard
528,80,415,0,0,445,Poignard
531,112,400,0,0,442,Poignard
544,101,399,0,0,443,Poignard
553,86,374,0,0,446,Poignard
554,92,367,0,0,449,Poignard
558,59,351,0,0,450,Poignard
559,70,349,0,0,458,Poignard
551,80,359,0,0,448,Poignard
540,87,375,0,0,455,Poignard
537,50,400,0,0,452,Poignard
541,50,412,0,0,451,Poignard
539,66,407,0,0,437,Poignard
527,64,416,0,0,448,Poignard
511,39,435,0,0,461,Poignard
499,0,488,0,0,510,Poignard
479,0,481,0,0,466,Poignard
496,10,462,0,0,463,Poignard
496,13,484,0,0,448,Poignard
496,15,498,0,0,430,Poignard
497,20,511,0,0,447,Poignard
487,11,528,0,0,448,Poignard
489,22,483,0,0,406,Poignard
502,77,455,0,0,398,Poignard
521,111,432,0,0,401,Poignard
510,78,462,0,0,405,Poignard
521,73,466,0,0,400,Poignard
529,98,433,0,0,407,Poignard
511,64,474,0,0,432,Poignard
495,16,464,0,0,431,Poignard
531,112,316,0,0,369,Poignard
556,144,279,0,0,367,Poignard
579,113,270,0,0,368,Poignard
581,113,273,0,0,384,Poignard
557,145,294,0,0,365,Poignard
560,167,312,0,0,288,Poignard
576,187,320,0,0,194,Poignard
603,207,347,0,0,61,Poignard
640,226,385,0,0,0,Poignard
656,222,391,0,0,0,Poignard
640,186,384,0,0,30,Poignard
625,194,338,0,0,15,Poignard
663,74,335,0,0,35,Poignard
685,82,321,0,0,47,Poignard
661,128,315,0,0,45,Poignard
635,154,320,0,0,48,Poignard
640,91,320,0,0,45,Poignard
626,198,306,0,0,33,Poignard
630,149,326,0,0,48,Poignard
626,217,311,0,0,61,Poignard
618,260,288,0,0,64,Poignard
610,275,282,0,0,55,Poignard
621,285,274,0,0,61,Poignard
622,190,284,0,0,75,Poignard
646,80,284,0,0,67,Poignard
658,0,291,0,0,57,Poignard
658,27,285,4,0,67,Poignard
653,29,277,0,0,67,Poignard
653,45,278,0,0,67,Poignard
653,41,292,0,0,65,Poignard
650,49,290,0,0,69,Poignard
645,50,290,0,0,76,Poignard
643,54,292,0,0,84,Poignard
640,71,295,0,0,80,Poignard
641,66,298,0,0,82,Poignard
640,56,302,0,0,94,Poignard
647,32,303,0,0,83,Poignard
637,147,272,0,0,23,Poignard
626,208,250,0,0,0,Poignard
631,222,238,0,0,8,Poignard
624,206,242,0,0,23,Poignard
624,219,251,0,0,18,Poignard
619,221,251,0,0,24,Poignard
624,224,256,0,0,19,Poignard
622,223,251,0,0,19,Poignard
624,224,247,0,0,20,Poignard
620,228,251,0,0,17,Poignard
619,234,254,0,0,16,Poignard
613,225,261,0,0,20,Poignard
619,231,259,0,0,26,Poignard
618,235,253,0,0,25,Poignard
618,235,253,0,0,26,Poignard
623,237,254,0,0,29,Poignard
621,243,253,0,0,37,Poignard
621,240,256,0,0,32,Poignard
621,245,257,0,0,37,Poignard
616,246,256,0,0,37,Poignard
621,242,253,0,0,38,Poignard
619,242,255,0,0,42,Poignard
623,241,257,0,0,39,Poignard
619,236,263,0,0,37,Poignard
615,239,268,0,0,29,Poignard
619,228,267,0,0,47,Poignard
611,229,266,0,0,48,Poignard
615,229,272,0,0,48,Poignard
619,232,269,0,0,51,Poignard
623,240,259,0,0,20,Poignard
624,242,253,0,0,16,Poignard
625,243,250,0,0,24,Poignard
626,241,253,0,0,26,Poignard
621,256,255,0,0,29,Poignard
621,259,256,0,0,30,Poignard
623,252,257,0,0,35,Poignard
623,229,258,0,0,26,Poignard
630,202,269,0,0,22,Poignard
634,224,272,0,0,26,Poignard
623,247,270,0,0,29,Poignard
622,279,258,0,0,21,Poignard
619,287,249,0,0,7,Poignard
618,301,240,0,0,0,Poignard
625,300,240,0,0,0,Poignard
634,294,240,0,0,0,Poignard
640,277,242,0,0,0,Poignard
643,283,252,0,0,0,Poignard
640,304,249,0,0,0,Poignard
635,307,246,0,0,0,Poignard
635,320,246,0,0,0,Poignard
640,317,241,0,0,0,Poignard
633,314,240,0,0,0,Poignard
636,322,219,0,0,0,Poignard
641,329,210,0,0,0,Poignard
640,334,213,0,0,0,Poignard
656,268,221,0,0,0,Poignard
688,159,237,6,0,0,Poignard
688,112,237,13,0,0,Poignard
689,97,243,15,0,0,Poignard
718,0,259,22,0,0,Poignard
718,0,253,23,0,0,Poignard
720,0,251,17,0,0,Poignard
716,24,261,16,0,0,Poignard
717,21,261,2,0,0,Poignard
710,15,263,0,0,0,Poignard
701,35,267,0,0,0,Poignard
701,30,271,0,0,0,Poignard
702,15,275,0,0,0,Poignard
682,158,263,0,0,0,Poignard
651,133,273,0,0,3,Poignard
679,70,281,0,0,14,Poignard
659,163,269,0,0,21,Poignard
639,203,260,0,0,55,Poignard
633,258,243,0,0,62,Poignard
626,301,243,0,0,52,Poignard
624,343,240,0,0,50,Poignard
614,362,238,0,0,17,Poignard
613,381,238,0,0,34,Poignard
614,363,239,0,0,64,Poignard
618,354,237,0,0,11,Poignard
624,375,240,0,0,0,Poignard
624,386,235,0,0,0,Poignard
624,398,239,0,0,0,Poignard
624,400,225,0,0,0,Poignard
640,415,193,0,0,0,Poignard
642,417,187,0,0,0,Poignard
651,384,182,0,0,0,Poignard
656,317,194,17,0,0,Poignard
709,38,238,26,0,0,Poignard
727,0,245,33,0,0,Poignard
724,13,248,37,0,0,Poignard
714,135,233,38,0,0,Poignard
690,186,222,44,0,0,Poignard
714,158,217,47,0,0,Poignard
698,126,241,47,0,0,Poignard
704,19,253,43,0,0,Poignard
701,35,260,25,0,0,Poignard
695,48,246,11,0,0,Poignard
687,0,267,0,0,0,Poignard
656,146,249,0,0,0,Poignard
643,132,263,0,0,0,Poignard
667,186,256,0,0,0,Poignard
640,260,239,0,0,0,Poignard
655,179,251,0,0,16,Poignard
663,109,254,0,0,21,Poignard
666,95,256,0,0,37,Poignard
659,111,262,0,0,82,Poignard
650,122,260,0,0,0,Poignard
667,128,258,0,0,0,Poignard
661,112,260,0,0,3,Poignard
677,97,270,0,0,0,Poignard
642,234,247,0,0,37,Poignard
625,258,255,0,0,51,Poignard
671,0,289,0,0,71,Poignard
673,118,248,0,0,0,Poignard
626,349,231,0,0,0,Poignard
624,367,234,0,0,0,Poignard
626,362,238,0,0,0,Poignard
629,304,246,0,0,0,Poignard
641,278,244,0,0,0,Poignard
641,322,235,0,0,0,Poignard
653,306,214,0,0,0,Poignard
691,58,239,17,0,0,Poignard
704,64,223,32,0,0,Poignard
705,53,221,35,0,0,Poignard
727,0,235,35,0,0,Poignard
735,0,227,45,0,0,Poignard
736,0,224,31,0,0,Poignard
729,128,215,0,0,0,Poignard
666,267,217,0,0,0,Poignard
657,285,215,0,0,0,Poignard
649,273,218,0,0,0,Poignard
655,286,206,0,0,0,Poignard
651,294,191,0,0,0,Poignard
673,231,183,0,0,0,Poignard
693,180,202,0,0,0,Poignard
721,83,206,0,0,0,Poignard
716,77,208,0,0,0,Poignard
745,44,217,16,0,0,Poignard
707,217,194,38,0,0,Poignard
688,273,186,29,0,0,Poignard
660,351,176,15,0,0,Poignard
657,369,187,10,0,0,Poignard
656,358,196,10,0,0,Poignard
656,346,190,3,0,0,Poignard
656,373,192,0,0,0,Poignard
656,362,201,0,0,0,Poignard
642,367,203,0,0,0,Poignard
647,358,204,0,0,0,Poignard
643,358,207,0,0,0,Poignard
651,351,208,0,0,0,Poignard
650,345,206,0,0,0,Poignard
649,334,214,0,0,0,Poignard
660,317,214,0,0,0,Poignard
704,80,263,0,0,0,Poignard
715,88,265,0,0,0,Poignard
720,92,258,0,0,0,Poignard
718,106,266,0,0,0,Poignard
711,19,261,0,0,0,Poignard
699,64,257,0,0,29,Poignard
688,91,261,0,0,11,Poignard
683,89,256,0,0,41,Poignard
665,90,256,0,0,116,Poignard
658,83,257,0,0,192,Poignard
652,55,265,0,0,208,Poignard
662,50,274,0,0,188,Poignard
663,36,282,0,0,220,Poignard
657,48,279,0,0,240,Poignard
653,35,280,0,0,271,Poignard
643,24,281,0,0,289,Poignard
641,31,284,0,0,289,Poignard
639,48,275,0,0,290,Poignard
633,41,275,0,0,301,Poignard
635,48,274,0,0,299,Poignard
635,54,275,0,0,279,Poignard
637,64,281,0,0,265,Poignard
640,76,292,0,0,250,Poignard
647,61,298,0,0,65,Poignard
699,49,304,0,0,0,Poignard
698,63,304,0,0,0,Poignard
685,116,289,0,0,0,Poignard
689,102,289,0,0,0,Poignard
691,115,288,0,0,0,Poignard
660,273,265,0,0,0,Poignard
639,373,250,0,0,0,Poignard
632,375,249,0,0,16,Poignard
642,394,252,0,0,123,Poignard
624,384,251,0,0,130,Poignard
625,385,250,0,0,96,Poignard
624,378,241,0,0,128,Poignard
631,388,244,0,0,111,Poignard
630,397,247,0,0,69,Poignard
635,398,243,0,0,101,Poignard
629,399,242,0,0,86,Poignard
628,395,245,0,0,100,Poignard
625,402,251,0,0,148,Poignard
618,399,249,0,0,122,Poignard
622,400,251,0,0,115,Poignard
621,388,253,0,0,144,Poignard
618,357,254,0,0,162,Poignard
619,332,264,0,0,176,Poignard
623,267,273,0,0,206,Poignard
621,240,274,0,0,243,Poignard
609,249,272,0,0,257,Poignard
611,211,287,0,0,286,Poignard
641,55,299,0,0,267,Poignard
653,48,311,0,0,263,Poignard
641,0,325,0,0,272,Poignard
669,0,329,0,0,283,Poignard
658,0,320,0,0,275,Poignard
659,0,320,0,0,254,Poignard
656,58,307,0,0,226,Poignard
660,1,325,0,0,186,Poignard
672,38,315,0,0,128,Poignard
648,226,305,0,0,111,Poignard
624,211,297,0,0,2,Poignard
624,262,300,0,0,20,Poignard
624,279,304,0,0,0,Poignard
623,275,306,1,0,5,Poignard
617,291,304,15,0,0,Poignard
610,293,305,0,0,0,Poignard
621,273,308,16,0,0,Poignard
614,266,304,0,0,2,Poignard
625,272,306,0,0,2,Poignard
630,224,325,0,0,0,Poignard
656,217,314,0,0,1,Poignard
648,183,298,0,0,19,Poignard
647,160,312,0,0,25,Poignard
667,155,315,0,0,20,Poignard
675,115,304,0,0,15,Poignard
674,112,320,0,0,40,Poignard
672,120,320,0,0,49,Poignard
663,198,304,0,0,81,Poignard
656,167,310,0,0,54,Poignard
661,146,320,0,0,96,Poignard
663,114,320,0,0,83,Poignard
669,99,327,0,0,146,Poignard
656,75,323,0,0,159,Poignard
656,64,336,0,0,192,Poignard
651,48,326,0,0,205,Poignard
646,38,322,0,0,232,Poignard
632,37,325,0,0,201,Poignard
635,47,321,0,0,218,Poignard
637,54,323,0,0,208,Poignard
628,79,316,0,0,213,Poignard
625,138,296,0,0,213,Poignard
607,221,289,0,0,223,Poignard
594,284,271,0,0,222,Poignard
592,317,265,0,0,203,Poignard
592,337,264,0,0,174,Poignard
591,346,260,0,0,180,Poignard
588,341,257,0,0,184,Poignard
591,337,262,0,0,187,Poignard
592,327,262,0,0,178,Poignard
596,325,267,0,0,192,Poignard
589,322,263,0,0,203,Poignard
587,325,263,0,0,213,Poignard
587,335,261,0,0,223,Poignard
587,336,257,0,0,219,Poignard
586,343,260,0,0,227,Poignard
587,337,268,0,0,165,Poignard
597,348,273,0,0,176,Poignard
599,359,273,0,0,0,Poignard
627,371,282,0,0,19,Poignard
622,371,282,0,0,0,Poignard
625,368,285,0,0,0,Poignard
624,340,289,0,0,0,Poignard
633,311,292,0,0,0,Poignard
642,241,287,0,0,0,Poignard
664,104,315,15,0,3,Poignard
710,55,315,16,0,0,Poignard
665,243,290,6,0,0,Poignard
649,265,280,7,0,0,Poignard
638,284,293,16,0,0,Poignard
638,116,348,26,0,5,Poignard
698,80,337,36,0,13,Poignard
693,60,326,2,0,16,Poignard
693,80,343,0,0,14,Poignard
702,42,337,0,0,0,Poignard
649,192,322,0,0,10,Poignard
666,125,336,0,0,29,Poignard
677,141,339,0,0,74,Poignard
670,149,336,0,0,173,Poignard
641,116,307,0,0,221,Poignard
640,114,310,0,0,216,Poignard
630,78,317,0,0,186,Poignard
640,83,320,0,0,214,Poignard
635,80,316,0,0,219,Poignard
640,76,320,0,0,261,Poignard
624,72,329,0,0,43,Poignard
647,154,338,0,0,15,Poignard
641,173,327,0,0,29,Poignard
657,103,334,0,0,11,Poignard
656,239,315,0,0,0,Poignard
624,304,297,0,0,0,Poignard
641,210,308,0,0,7,Poignard
685,48,321,0,0,4,Poignard
676,32,322,16,0,3,Poignard
645,234,294,19,0,0,Poignard
629,293,303,10,0,0,Poignard
635,313,314,13,0,0,Poignard
647,231,323,16,0,0,Poignard
645,226,322,0,0,0,Poignard
661,79,342,0,0,107,Poignard
677,99,343,0,0,128,Poignard
667,162,343,0,0,144,Poignard
662,142,346,0,0,173,Poignard
658,0,339,0,0,145,Poignard
663,18,338,0,0,171,Poignard
651,54,336,0,0,174,Poignard
650,42,320,0,0,170,Poignard
642,59,323,0,0,240,Poignard
656,0,327,0,0,255,Poignard
645,0,326,0,0,254,Poignard
650,14,321,0,0,261,Poignard
641,1,324,0,0,257,Poignard
631,37,331,0,0,147,Poignard
653,51,342,0,0,161,Poignard
656,17,351,0,0,153,Poignard
656,16,355,0,0,140,Poignard
666,38,345,0,0,76,Poignard
673,64,342,0,0,0,Poignard
670,48,343,0,0,2,Poignard
674,45,336,0,0,1,Poignard
674,0,341,27,0,0,Poignard
663,155,320,3,0,0,Poignard
656,255,304,45,0,0,Poignard
649,196,305,29,0,0,Poignard
657,192,329,1,0,0,Poignard
650,162,320,1,0,0,Poignard
657,171,323,6,0,3,Poignard
671,98,352,0,0,9,Poignard
682,71,363,0,0,0,Poignard
647,92,362,0,0,3,Poignard
679,112,350,0,0,2,Poignard
683,167,362,0,0,3,Poignard
688,16,365,0,0,0,Poignard
656,151,336,0,0,0,Poignard
667,111,352,0,0,7,Poignard
631,256,330,0,0,64,Poignard
611,282,304,0,0,91,Poignard
611,282,305,0,0,144,Poignard
597,274,298,0,0,89,Poignard
610,311,305,0,0,107,Poignard
604,320,293,0,0,119,Poignard
608,341,305,0,0,134,Poignard
594,337,290,0,0,131,Poignard
603,345,290,0,0,210,Poignard
592,332,281,0,0,97,Poignard
618,349,272,0,0,96,Poignard
617,348,284,0,0,48,Poignard
612,355,281,0,0,98,Poignard
593,344,267,0,0,124,Poignard
598,338,256,0,0,84,Poignard
603,336,259,0,0,98,Poignard
601,334,258,0,0,183,Poignard
581,356,246,0,0,186,Poignard
576,381,253,0,0,246,Poignard
560,350,235,0,0,336,Poignard
556,280,241,0,0,369,Poignard
573,184,257,0,0,402,Poignard
565,211,256,0,0,404,Poignard
562,203,251,0,0,422,Poignard
563,208,245,0,0,427,Poignard
552,235,240,0,0,310,Poignard
559,311,232,0,0,328,Poignard
546,356,233,0,0,299,Poignard
555,361,246,0,0,313,Poignard
568,364,241,0,0,267,Poignard
582,338,239,0,0,254,Poignard
576,332,231,0,0,252,Poignard
578,340,229,0,0,208,Poignard
601,331,238,0,0,178,Poignard
620,295,244,0,0,198,Poignard
624,246,254,0,0,206,Poignard
626,133,278,0,0,252,Poignard
639,58,285,0,0,264,Poignard
635,71,282,0,0,277,Poignard
625,113,278,0,0,273,Poignard
619,144,279,0,0,291,Poignard
624,80,294,0,0,299,Poignard
626,49,309,0,0,298,Poignard
629,0,323,0,0,309,Poignard
640,0,327,0,0,266,Poignard
651,63,319,0,0,185,Poignard
624,224,311,0,0,98,Poignard
620,267,309,0,0,67,Poignard
613,274,310,0,0,48,Poignard
615,310,310,0,0,119,Poignard
599,307,313,0,0,0,Poignard
623,315,319,0,0,34,Poignard
604,301,325,0,0,81,Poignard
605,269,327,0,0,126,Poignard
601,263,323,0,0,144,Poignard
597,247,330,0,0,149,Poignard
629,123,358,0,0,173,Poignard
650,94,360,0,0,199,Poignard
645,133,370,0,0,210,Poignard
647,0,359,0,0,250,Poignard
624,44,341,0,0,262,Poignard
623,177,325,0,0,263,Poignard
595,241,300,0,0,267,Poignard
592,251,287,0,0,258,Poignard
590,299,282,0,0,229,Poignard
591,303,281,0,0,258,Poignard
583,304,272,0,0,178,Poignard
593,331,263,0,0,272,Poignard
586,330,263,0,0,240,Poignard
586,337,262,0,0,276,Poignard
579,335,261,0,0,277,Poignard
578,358,255,0,0,296,Poignard
574,302,246,0,0,334,Poignard
570,263,253,0,0,368,Poignard
570,223,256,0,0,411,Poignard
574,203,247,0,0,423,Poignard
566,178,259,0,0,438,Poignard
565,162,272,0,0,464,Poignard
549,178,256,0,0,471,Poignard
543,171,261,0,0,471,Poignard
548,173,257,0,0,464,Poignard
546,169,266,0,0,478,Poignard
560,144,272,0,0,472,Poignard
544,187,268,0,0,442,Poignard
528,229,263,0,0,438,Poignard
530,228,269,0,0,430,Poignard
535,240,272,0,0,412,Poignard
535,255,271,0,0,416,Poignard
542,231,275,0,0,427,Poignard
576,107,308,0,0,402,Poignard
565,204,267,0,0,385,Poignard
565,255,256,0,0,339,Poignard
563,325,240,0,0,332,Poignard
560,341,240,0,0,305,Poignard
558,368,228,0,0,298,Poignard
560,380,239,0,0,272,Poignard
569,366,236,0,0,256,Poignard
577,377,240,0,0,253,Poignard
574,387,227,0,0,245,Poignard
585,367,231,0,0,175,Poignard
596,400,223,0,0,106,Poignard
605,409,237,0,0,80,Poignard
612,421,238,0,0,106,Poignard
621,366,256,0,0,144,Poignard
627,174,294,0,0,211,Poignard
652,0,325,0,0,256,Poignard
641,2,330,0,0,273,Poignard
640,0,333,0,0,287,Poignard
634,0,339,0,0,287,Poignard
624,18,336,0,0,293,Poignard
624,0,355,0,0,293,Poignard
633,0,357,0,0,301,Poignard
635,0,363,0,0,304,Poignard
625,0,363,0,0,304,Poignard
631,0,365,0,0,279,Poignard
575,192,329,0,0,260,Poignard
576,219,332,0,0,246,Poignard
576,246,317,0,0,221,Poignard
577,253,309,0,0,181,Poignard
583,266,304,30,0,65,Poignard
593,279,294,34,0,6,Poignard
606,287,285,28,0,0,Poignard
613,272,287,22,0,32,Poignard
624,255,290,18,0,0,Poignard
642,156,313,6,0,11,Poignard
671,128,308,0,0,2,Poignard
682,133,323,14,0,18,Poignard
673,58,322,13,0,20,Poignard
673,24,326,0,0,94,Poignard
684,32,337,0,0,42,Poignard
663,170,305,0,0,112,Poignard
620,279,277,0,0,160,Poignard
607,313,272,0,0,179,Poignard
596,322,261,0,0,177,Poignard
595,336,266,0,0,182,Poignard
597,334,267,0,0,61,Poignard
609,351,266,0,0,178,Poignard
602,354,274,0,0,221,Poignard
591,347,256,0,0,235,Poignard
587,353,256,0,0,241,Poignard
578,352,257,0,0,249,Poignard
576,355,247,0,0,270,Poignard
566,368,235,0,0,285,Poignard
560,355,235,0,0,314,Poignard
549,329,237,0,0,386,Poignard
559,215,251,0,0,432,Poignard
562,185,255,0,0,456,Poignard
562,142,258,0,0,463,Poignard
560,146,260,0,0,470,Poignard
554,173,258,0,0,476,Poignard
550,176,260,0,0,479,Poignard
548,151,266,0,0,491,Poignard
557,119,277,0,0,476,Poignard
541,174,272,0,0,451,Poignard
535,193,272,0,0,461,Poignard
534,192,273,0,0,438,Poignard
532,189,281,0,0,432,Poignard
529,207,282,0,0,428,Poignard
539,214,285,0,0,464,Poignard
587,23,298,0,0,432,Poignard
583,98,271,0,0,369,Poignard
560,294,241,0,0,336,Poignard
544,320,238,0,0,307,Poignard
557,323,237,0,0,294,Poignard
564,337,237,0,0,288,Poignard
573,335,229,0,0,272,Poignard
578,322,225,0,0,240,Poignard
568,400,218,0,0,234,Poignard
573,381,227,0,0,231,Poignard
582,294,245,0,0,219,Poignard
597,261,261,0,0,225,Poignard
604,249,262,0,0,240,Poignard
602,239,281,0,0,251,Poignard
601,285,286,0,0,246,Poignard
592,206,288,0,0,247,Poignard
592,256,297,0,0,272,Poignard
623,75,331,0,0,290,Poignard
623,80,341,2,0,292,Poignard
623,135,322,0,0,272,Poignard
592,203,317,2,0,270,Poignard
582,266,304,0,0,246,Poignard
579,272,301,13,0,235,Poignard
594,217,310,25,0,240,Poignard
590,227,317,28,0,233,Poignard
570,272,306,30,0,234,Poignard
562,275,305,31,0,240,Poignard
560,279,306,34,0,245,Poignard
561,279,304,12,0,251,Poignard
564,271,307,1,0,249,Poignard
562,283,304,9,0,256,Poignard
559,297,304,13,0,257,Poignard
560,288,304,16,0,258,Poignard
556,292,300,6,0,258,Poignard
557,273,307,4,0,265,Poignard
567,238,318,17,0,289,Poignard
590,149,338,17,0,287,Poignard
568,233,327,0,0,282,Poignard
571,225,323,0,0,294,Poignard
580,179,352,0,0,324,Poignard
606,142,361,0,0,349,Poignard
623,109,365,0,0,361,Poignard
637,43,355,0,0,360,Poignard
638,0,340,0,0,348,Poignard
622,32,331,0,0,349,Poignard
627,44,326,0,0,342,Poignard
624,47,338,0,0,323,Poignard
635,48,335,0,0,320,Poignard
629,64,336,0,0,321,Poignard
629,60,342,0,0,322,Poignard
624,58,341,0,0,322,Poignard
622,59,344,0,0,330,Poignard
617,54,339,0,0,336,Poignard
615,60,343,0,0,337,Poignard
614,64,341,0,0,338,Poignard
607,63,339,0,0,342,Poignard
622,48,332,0,0,332,Poignard
592,113,351,0,0,323,Poignard
605,45,362,0,0,294,Poignard
613,37,366,0,0,291,Poignard
626,23,367,0,0,235,Poignard
586,271,333,0,0,214,Poignard
577,292,329,0,0,197,Poignard
582,272,336,0,0,144,Poignard
592,245,338,1,0,80,Poignard
602,283,346,23,0,13,Poignard
607,299,336,23,0,0,Poignard
620,245,343,28,0,0,Poignard
625,256,324,7,0,0,Poignard
626,208,330,11,0,0,Poignard
638,191,318,0,0,0,Poignard
649,181,326,0,0,0,Poignard
640,208,319,0,0,0,Poignard
623,243,304,0,0,0,Poignard
609,258,294,18,0,0,Poignard
615,269,294,18,0,0,Poignard
613,279,298,0,0,0,Poignard
621,285,306,0,0,0,Poignard
624,260,310,0,0,20,Poignard
617,259,321,0,0,90,Poignard
628,160,317,0,0,155,Poignard
623,144,321,0,0,250,Poignard
592,144,303,0,0,259,Poignard
574,256,293,0,0,270,Poignard
565,272,295,0,0,272,Poignard
566,263,303,0,0,284,Poignard
574,243,304,0,0,298,Poignard
587,193,309,0,0,272,Poignard
574,240,323,0,0,243,Poignard
576,241,336,0,0,199,Poignard
582,253,331,0,0,203,Poignard
578,262,329,0,0,219,Poignard
576,256,320,0,0,240,Poignard
569,255,320,0,0,256,Poignard
571,243,317,0,0,279,Poignard
574,228,326,0,0,309,Poignard
606,148,326,0,0,306,Poignard
603,127,333,0,0,304,Poignard
610,106,336,0,0,304,Poignard
629,0,346,0,0,326,Poignard
627,0,333,0,0,299,Poignard
610,166,304,0,0,249,Poignard
587,298,279,0,0,262,Poignard
578,307,271,0,0,96,Poignard
603,336,279,0,0,195,Poignard
592,342,273,0,0,64,Poignard
609,350,279,0,0,79,Poignard
621,359,280,0,0,112,Poignard
607,363,277,0,0,96,Poignard
601,364,276,0,0,97,Poignard
610,371,272,0,0,96,Poignard
615,370,272,0,0,35,Poignard
619,358,277,0,0,48,Poignard
628,256,295,15,0,49,Poignard
653,208,303,39,0,72,Poignard
650,194,299,45,0,65,Poignard
644,212,304,45,0,84,Poignard
635,243,299,15,0,90,Poignard
608,274,298,18,0,179,Poignard
579,272,298,0,0,183,Poignard
583,305,288,14,0,209,Poignard
573,285,297,0,0,228,Poignard
563,275,294,6,0,240,Poignard
564,281,298,0,0,252,Poignard
571,227,336,17,0,288,Poignard
600,146,326,0,0,265,Poignard
564,255,323,0,0,269,Poignard
562,271,315,0,0,276,Poignard
559,272,320,0,0,289,Poignard
560,276,320,0,0,298,Poignard
566,241,334,0,0,333,Poignard
598,153,358,0,0,336,Poignard
610,138,365,0,0,326,Poignard
604,109,361,0,0,327,Poignard
606,144,338,0,0,293,Poignard
595,160,332,0,0,272,Poignard
576,256,319,0,0,241,Poignard
582,297,303,0,0,193,Poignard
584,311,300,7,0,113,Poignard
592,320,299,18,0,43,Poignard
614,310,304,34,0,0,Poignard
613,309,305,48,0,0,Poignard
612,320,304,45,0,0,Poignard
613,285,313,34,0,0,Poignard
619,277,315,37,0,0,Poignard
625,308,291,32,0,0,Poignard
627,294,279,54,0,0,Poignard
629,304,273,55,0,0,Poignard
627,325,272,48,0,0,Poignard
625,310,270,61,0,0,Poignard
623,292,267,64,0,0,Poignard
635,277,271,70,0,0,Poignard
646,265,274,73,0,0,Poignard
647,254,274,63,0,0,Poignard
631,243,285,67,0,0,Poignard
651,257,272,54,0,0,Poignard
634,310,267,37,0,0,Poignard
624,296,272,13,0,0,Poignard
621,320,274,3,0,101,Poignard
593,320,274,0,0,112,Poignard
587,334,272,9,0,129,Poignard
575,276,290,14,0,213,Poignard
560,272,290,11,0,216,Poignard
565,207,306,11,0,261,Poignard
576,163,323,0,0,272,Poignard
589,130,341,0,0,300,Poignard
597,97,338,0,0,301,Poignard
598,128,337,0,0,310,Poignard
594,172,337,0,0,320,Poignard
599,160,334,0,0,323,Poignard
586,146,330,0,0,324,Poignard
592,156,311,0,0,327,Poignard
583,199,336,0,0,348,Poignard
592,160,357,0,0,350,Poignard
594,116,351,0,0,337,Poignard
598,107,338,0,0,305,Poignard
592,176,351,0,0,305,Poignard
600,169,343,0,0,272,Poignard
620,165,323,0,0,243,Poignard
622,0,327,0,0,208,Poignard
643,0,333,0,0,153,Poignard
656,9,330,0,0,128,Poignard
656,14,335,0,0,99,Poignard
669,16,336,0,0,22,Poignard
674,19,326,40,0,1,Poignard
671,21,320,43,0,13,Poignard
670,19,329,22,0,0,Poignard
667,22,332,22,0,15,Poignard
671,21,332,4,0,0,Poignard
665,18,336,16,0,148,Poignard
643,16,332,3,0,151,Poignard
640,19,345,0,0,163,Poignard
633,48,336,0,0,178,Poignard
633,31,337,0,0,191,Poignard
630,36,334,0,0,221,Poignard
626,37,335,0,0,211,Poignard
631,0,344,0,0,226,Poignard
640,0,349,0,0,240,Poignard
637,0,336,0,0,240,Poignard
637,71,329,0,0,191,Poignard
639,112,337,0,0,110,Poignard
671,65,345,0,0,50,Poignard
674,35,346,0,0,0,Poignard
660,109,335,0,0,0,Poignard
656,118,325,17,0,0,Poignard
656,159,317,20,0,0,Poignard
672,95,317,48,0,0,Poignard
673,187,305,38,0,0,Poignard
641,247,304,30,0,0,Poignard
640,240,304,28,0,3,Poignard
635,274,290,22,0,22,Poignard
639,223,287,25,0,91,Poignard
611,304,272,3,0,136,Poignard
583,319,276,16,0,176,Poignard
576,322,270,10,0,205,Poignard
565,309,267,5,0,247,Poignard
560,301,276,1,0,251,Poignard
557,283,294,18,0,258,Poignard
551,241,302,29,0,266,Poignard
558,226,324,38,0,290,Poignard
593,122,335,9,0,293,Poignard
613,91,345,11,0,259,Poignard
619,132,349,3,0,269,Poignard
615,146,351,0,0,240,Poignard
623,130,359,0,0,214,Poignard
625,108,355,0,0,234,Poignard
626,0,367,0,0,208,Poignard
651,0,352,0,0,185,Poignard
640,0,347,0,0,219,Poignard
638,2,351,0,0,224,Poignard
623,32,342,0,0,251,Poignard
615,17,341,0,0,285,Poignard
614,44,346,0,0,302,Poignard
606,44,339,0,0,305,Poignard
609,31,339,0,0,294,Poignard
617,18,336,0,0,283,Poignard
615,30,343,0,0,218,Poignard
623,69,336,0,0,188,Poignard
640,45,339,0,0,224,Poignard
627,38,327,16,0,193,Poignard
630,46,320,34,0,209,Poignard
629,46,322,30,0,229,Poignard
630,98,317,27,0,228,Poignard
625,161,319,29,0,237,Poignard
622,162,314,33,0,232,Poignard
592,217,316,22,0,240,Poignard
560,304,292,4,0,245,Poignard
549,296,304,13,0,246,Poignard
551,286,297,7,0,266,Poignard
548,245,302,9,0,277,Poignard
551,208,325,0,0,277,Poignard
563,215,325,0,0,275,Poignard
585,139,324,0,0,266,Poignard
621,89,334,3,0,146,Poignard
630,66,328,30,0,123,Poignard
636,80,332,16,0,150,Poignard
640,74,334,18,0,154,Poignard
638,121,336,37,0,177,Poignard
640,37,333,16,0,198,Poignard
639,8,326,0,0,206,Poignard
633,13,321,0,0,220,Poignard
630,2,327,0,0,266,Poignard
622,22,325,0,0,279,Poignard
621,26,331,0,0,272,Poignard
614,38,331,0,0,278,Poignard
615,32,334,0,0,289,Poignard
614,20,336,0,0,223,Poignard
629,43,336,0,0,220,Poignard
624,37,336,0,0,215,Poignard
623,145,322,0,0,205,Poignard
590,284,287,0,0,166,Poignard
586,306,282,0,0,166,Poignard
583,317,283,0,0,183,Poignard
579,336,285,0,0,202,Poignard
583,330,282,0,0,202,Poignard
576,320,281,0,0,198,Poignard
590,292,271,0,0,200,Poignard
588,277,272,7,0,208,Poignard
591,290,267,21,0,198,Poignard
588,270,271,46,0,174,Poignard
596,270,282,58,0,0,Poignard
636,241,259,48,0,0,Poignard
656,227,204,32,0,0,Poignard
683,195,208,37,0,0,Poignard
661,240,208,31,0,0,Poignard
656,280,205,36,0,0,Poignard
651,307,203,33,0,0,Poignard
641,291,208,29,0,0,Poignard
639,334,194,31,0,0,Poignard
629,358,202,35,0,0,Poignard
624,353,206,31,0,0,Poignard
620,367,209,30,0,0,Poignard
621,361,210,32,0,0,Poignard
609,362,209,27,0,0,Poignard
611,359,209,19,0,0,Poignard
608,342,214,25,0,0,Poignard
597,331,217,27,0,44,Poignard
596,319,222,30,0,0,Poignard
601,318,208,23,0,0,Poignard
606,327,202,32,0,0,Poignard
610,318,199,30,0,0,Poignard
614,320,195,34,0,0,Poignard
617,304,205,28,0,0,Poignard
622,279,211,38,0,0,Poignard
624,230,226,43,0,0,Poignard
653,141,240,48,0,0,Poignard
663,64,267,48,0,27,Poignard
663,53,269,39,0,47,Poignard
663,48,286,37,0,51,Poignard
658,21,285,33,0,78,Poignard
656,0,279,26,0,66,Poignard
649,18,279,15,0,48,Poignard
651,58,272,16,0,55,Poignard
654,43,267,1,0,31,Poignard
669,96,279,0,0,25,Poignard
659,176,283,0,0,9,Poignard
640,221,270,0,0,0,Poignard
630,251,264,0,0,7,Poignard
639,274,254,0,0,75,Poignard
623,268,268,0,0,128,Poignard
622,256,272,0,0,157,Poignard
632,178,289,0,0,182,Poignard
637,113,293,0,0,237,Poignard
639,62,295,0,0,240,Poignard
639,35,288,0,0,257,Poignard
638,47,293,0,0,256,Poignard
603,240,264,0,0,241,Poignard
592,253,272,0,0,237,Poignard
578,289,268,0,0,243,Poignard
576,285,263,0,0,245,Poignard
569,297,273,0,0,252,Poignard
563,298,276,0,0,254,Poignard
560,275,283,0,0,256,Poignard
559,265,292,0,0,265,Poignard
553,277,293,0,0,272,Poignard
559,272,291,0,0,263,Poignard
555,270,285,0,0,252,Poignard
560,256,274,0,0,246,Poignard
562,247,278,0,0,250,Poignard
569,236,282,0,0,229,Poignard
575,215,290,0,0,193,Poignard
592,205,290,0,0,161,Poignard
609,129,318,14,0,145,Poignard
640,77,316,11,0,80,Poignard
657,83,331,0,0,29,Poignard
675,0,335,0,0,39,Poignard
666,37,333,0,0,109,Poignard
647,29,321,0,0,223,Poignard
616,39,313,0,0,261,Poignard
606,33,316,0,0,272,Poignard
609,50,320,0,0,282,Poignard
613,41,320,0,0,279,Poignard
614,89,313,0,0,278,Poignard
597,158,295,0,0,267,Poignard
579,257,272,0,0,241,Poignard
570,302,272,0,0,176,Poignard
591,307,271,0,0,235,Poignard
576,304,255,0,0,231,Poignard
586,274,267,0,0,249,Poignard
582,248,270,0,0,262,Poignard
597,182,278,0,0,268,Poignard
612,147,304,0,0,273,Poignard
612,83,308,0,0,277,Poignard
629,44,308,0,0,273,Poignard
624,140,301,0,0,263,Poignard
622,160,298,16,0,246,Poignard
590,256,272,16,0,239,Poignard
576,297,256,7,0,240,Poignard
569,301,257,13,0,240,Poignard
567,294,269,16,0,240,Poignard
555,287,275,20,0,243,Poignard
558,283,281,26,0,249,Poignard
553,268,280,26,0,256,Poignard
554,271,275,19,0,256,Poignard
555,271,280,14,0,256,Poignard
559,273,289,4,0,251,Poignard
558,273,278,4,0,241,Poignard
562,272,279,11,0,242,Poignard
555,265,272,1,0,231,Poignard
562,272,268,9,0,191,Poignard
574,260,283,0,0,143,Poignard
583,259,273,0,0,95,Poignard
597,262,276,0,0,0,Poignard
610,231,289,0,0,0,Poignard
640,115,321,30,0,9,Poignard
656,80,327,23,0,37,Poignard
657,53,339,0,0,64,Poignard
659,64,344,3,0,89,Poignard
656,15,345,0,0,96,Poignard
646,21,327,0,0,34,Poignard
660,37,299,0,0,7,Poignard
656,64,262,0,0,0,Poignard
665,77,241,0,0,0,Poignard
672,101,249,0,0,0,Poignard
663,129,243,0,0,0,Poignard
652,133,257,0,0,0,Poignard
658,144,247,0,0,0,Poignard
666,91,272,0,0,0,Poignard
666,72,282,0,0,0,Poignard
665,91,296,0,0,16,Poignard
656,138,304,0,0,0,Poignard
640,181,287,0,0,0,Poignard
635,262,264,0,0,0,Poignard
633,283,253,0,0,0,Poignard
647,198,272,0,0,0,Poignard
673,80,267,5,0,0,Poignard
671,97,258,9,0,0,Poignard
656,170,251,29,0,0,Poignard
662,198,256,17,0,0,Poignard
640,306,235,20,0,0,Poignard
625,295,241,15,0,0,Poignard
615,342,252,16,0,0,Poignard
623,321,256,16,0,27,Poignard
604,339,257,9,0,92,Poignard
592,317,263,0,0,147,Poignard
584,314,261,0,0,210,Poignard
570,305,257,0,0,234,Poignard
560,281,272,0,0,246,Poignard
560,298,272,0,0,251,Poignard
558,298,275,0,0,259,Poignard
557,290,279,0,0,261,Poignard
557,280,282,0,0,256,Poignard
554,278,286,0,0,267,Poignard
562,210,315,0,0,305,Poignard
598,81,347,0,0,309,Poignard
594,64,345,0,0,322,Poignard
616,39,354,0,0,336,Poignard
607,48,354,0,0,334,Poignard
607,22,337,0,0,288,Poignard
610,50,333,0,0,208,Poignard
635,88,334,0,0,128,Poignard
631,149,322,0,0,154,Poignard
616,231,315,0,0,198,Poignard
595,243,303,0,0,231,Poignard
595,282,302,0,0,147,Poignard
603,322,283,0,0,109,Poignard
594,315,287,0,0,80,Poignard
601,327,288,0,0,199,Poignard
586,318,288,0,0,228,Poignard
583,320,279,0,0,192,Poignard
577,319,281,0,0,207,Poignard
592,336,302,0,0,224,Poignard
581,308,282,0,0,203,Poignard
587,315,283,0,0,192,Poignard
587,313,272,0,0,54,Poignard
614,346,280,0,0,61,Poignard
618,300,298,0,0,52,Poignard
644,222,303,0,0,56,Poignard
657,173,315,0,0,42,Poignard
662,118,304,0,0,15,Poignard
669,65,304,11,0,48,Poignard
667,74,301,8,0,53,Poignard
663,73,305,13,0,40,Poignard
664,71,302,16,0,39,Poignard
659,73,304,14,0,6,Poignard
669,83,304,14,0,13,Poignard
665,90,304,17,0,18,Poignard
666,74,305,22,0,48,Poignard
668,64,308,45,0,48,Poignard
672,32,317,17,0,51,Poignard
656,55,315,16,0,55,Poignard
656,67,309,0,0,59,Poignard
651,82,306,0,0,60,Poignard
651,149,305,0,0,78,Poignard
633,181,310,0,0,64,Poignard
630,193,305,0,0,67,Poignard
626,174,307,0,0,64,Poignard
629,194,301,0,0,48,Poignard
632,194,304,0,0,41,Poignard
631,212,304,0,0,15,Poignard
626,234,304,0,0,30,Poignard
625,232,301,0,0,34,Poignard
623,237,300,0,0,55,Poignard
613,243,302,0,0,78,Poignard
615,241,287,0,0,156,Poignard
599,254,283,0,0,140,Poignard
597,262,287,0,0,176,Poignard
590,268,277,0,0,149,Poignard
590,281,277,0,0,186,Poignard
582,277,279,0,0,153,Poignard
592,282,267,0,0,175,Poignard
586,281,256,0,0,182,Poignard
583,291,256,0,0,177,Poignard
586,284,262,0,0,128,Poignard
592,279,262,0,0,86,Poignard
608,286,259,0,0,109,Poignard
609,304,257,0,0,113,Poignard
596,325,251,0,0,80,Poignard
606,326,253,0,0,91,Poignard
604,337,256,0,0,64,Poignard
609,320,243,0,0,0,Poignard
613,353,244,0,0,17,Poignard
621,334,240,0,0,0,Poignard
615,361,243,1,0,1,Poignard
623,341,245,6,0,2,Poignard
616,343,256,0,0,18,Poignard
